horizon,ci_width_95,ci_width_90,residual_std
1yr,2.2908137419673387,1.9226472477225878,1.1687825214119074
3yr,3.436220612951008,2.8839708715838817,1.753173782117861
5yr,4.581627483934677,3.8452944954451755,2.337565042823815
7yr,5.727034354918347,4.806618119306469,2.9219563035297687
